{"cameraMode":{"drawMode":0,"name":"Shaded","section":"Shading Mode"},"sceneLighting":true,"audioPlay":false,"sceneViewState":{"showFog":true,"showMaterialUpdate":true,"showSkybox":true,"showFlares":true,"showImageEffects":true,"showParticleSystems":true},"in2DMode":false,"pivot":{"x":-1.0065051317214966,"y":1.6222283840179444,"z":-6.653566837310791},"rotation":{"x":-0.1070706844329834,"y":-0.4486559331417084,"z":0.05423373356461525,"w":-0.8856390714645386},"size":1.2377243041992188,"orthographic":false}